<?xml version="1.0" ?>
<LOG_ROOT>
	<PROJECT NAME="cartracking_qsim">
		<CBX_INST_ENTRY INSTANCE_NAME="|cartracking|lpm_mult:Mult1" CBX_FILE_NAME="mult_37t.tdf"/>
		<CBX_INST_ENTRY INSTANCE_NAME="|cartracking|lpm_mux:Mux1" CBX_FILE_NAME="mux_7qc.tdf"/>
		<CBX_INST_ENTRY INSTANCE_NAME="|cartracking|lpm_mux:Mux5" CBX_FILE_NAME="mux_7qc.tdf"/>
		<CBX_INST_ENTRY INSTANCE_NAME="|cartracking|lpm_mux:Mux9" CBX_FILE_NAME="mux_7qc.tdf"/>
		<CBX_INST_ENTRY INSTANCE_NAME="|cartracking|lpm_mult:Mult0" CBX_FILE_NAME="mult_37t.tdf"/>
		<CBX_INST_ENTRY INSTANCE_NAME="|cartracking|lpm_mux:Mux0" CBX_FILE_NAME="mux_7qc.tdf"/>
		<CBX_INST_ENTRY INSTANCE_NAME="|cartracking|lpm_mux:Mux2" CBX_FILE_NAME="mux_7qc.tdf"/>
		<CBX_INST_ENTRY INSTANCE_NAME="|cartracking|lpm_mux:Mux4" CBX_FILE_NAME="mux_7qc.tdf"/>
		<CBX_INST_ENTRY INSTANCE_NAME="|cartracking|lpm_mux:Mux6" CBX_FILE_NAME="mux_7qc.tdf"/>
		<CBX_INST_ENTRY INSTANCE_NAME="|cartracking|lpm_mux:Mux8" CBX_FILE_NAME="mux_7qc.tdf"/>
		<CBX_INST_ENTRY INSTANCE_NAME="|cartracking|lpm_mux:Mux3" CBX_FILE_NAME="mux_7qc.tdf"/>
		<CBX_INST_ENTRY INSTANCE_NAME="|cartracking|lpm_mux:Mux7" CBX_FILE_NAME="mux_7qc.tdf"/>
	</PROJECT>
</LOG_ROOT>
